county,office,district,party,candidate,votes
Adams,Agriculture Commissioner,,DEM,Roger Johnson,418
Adams,Agriculture Commissioner,,REP,Doug Goehring,343
Adams,Attorney General,,DEM,Bill Brudvik,390
Adams,Attorney General,,REP,Wayne Stenehjem,351
Adams,C 1: This constitutional measure would amend section 16 of Article XI of the North Dakota Constitution,,,No,170
Adams,C 1: This constitutional measure would amend section 16 of Article XI of the North Dakota Constitution,,,Yes,594
Adams,C 2: This constitutional measure would amend certain sections and repeal other sections of Article XII of the North Dakota Constitution,,,No,211
Adams,C 2: This constitutional measure would amend certain sections and repeal other sections of Article XII of the North Dakota Constitution,,,Yes,526
Adams,Justice of the Supreme Court,,NON,Dale Sandstrom,738
Adams,Public Service Commissioner,,DEM,Cheryl Bergian,391
Adams,Public Service Commissioner,,REP,Tony Clark,337
Adams,Secretary of State,,DEM,Kristin Hedger,383
Adams,Secretary of State,,REP,Alvin A (Al) Jaeger,352
Adams,State House Legislative,39,REP,"David ""Skip"" Drovdal",288
Adams,State House Legislative,39,REP,Keith Kempenich,327
Adams,State Senate Legislative District 39,,REP,Bill L Bowman,347
Adams,Tax Commissioner,,DEM,Brent Edison,394
Adams,Tax Commissioner,,REP,Cory Fong,337
Adams,U.S. House,1,DEM,Earl Pomeroy,440
Adams,U.S. House,1,REP,Matt Mechtel,326
Adams,U.S. Senate,,DEM,Kent Conrad,442
Adams,U.S. Senate,,REP,Dwight Grotberg,332
Barnes,Agriculture Commissioner,,DEM,Roger Johnson,1743
Barnes,Agriculture Commissioner,,REP,Doug Goehring,927
Barnes,Attorney General,,DEM,Bill Brudvik,1672
Barnes,Attorney General,,REP,Wayne Stenehjem,944
Barnes,C 1: This constitutional measure would amend section 16 of Article XI of the North Dakota Constitution,,,No,798
Barnes,C 1: This constitutional measure would amend section 16 of Article XI of the North Dakota Constitution,,,Yes,1883
Barnes,C 2: This constitutional measure would amend certain sections and repeal other sections of Article XII of the North Dakota Constitution,,,No,828
Barnes,C 2: This constitutional measure would amend certain sections and repeal other sections of Article XII of the North Dakota Constitution,,,Yes,1793
Barnes,Justice of the Supreme Court,,NON,Dale Sandstrom,2497
Barnes,Public Service Commissioner,,DEM,Cheryl Bergian,1680
Barnes,Public Service Commissioner,,REP,Tony Clark,916
Barnes,Secretary of State,,DEM,Kristin Hedger,1679
Barnes,Secretary of State,,REP,Alvin A (Al) Jaeger,938
Barnes,Tax Commissioner,,DEM,Brent Edison,1690
Barnes,Tax Commissioner,,REP,Cory Fong,922
Barnes,U.S. House,1,DEM,Earl Pomeroy,1820
Barnes,U.S. House,1,REP,Matt Mechtel,921
Barnes,U.S. Senate,,DEM,Kent Conrad,1840
Barnes,U.S. Senate,,REP,Dwight Grotberg,946
Benson,Agriculture Commissioner,,DEM,Roger Johnson,593
Benson,Agriculture Commissioner,,REP,Doug Goehring,231
Benson,Attorney General,,DEM,Bill Brudvik,539
Benson,Attorney General,,REP,Wayne Stenehjem,234
Benson,C 1: This constitutional measure would amend section 16 of Article XI of the North Dakota Constitution,,,No,201
Benson,C 1: This constitutional measure would amend section 16 of Article XI of the North Dakota Constitution,,,Yes,588
Benson,C 2: This constitutional measure would amend certain sections and repeal other sections of Article XII of the North Dakota Constitution,,,No,246
Benson,C 2: This constitutional measure would amend certain sections and repeal other sections of Article XII of the North Dakota Constitution,,,Yes,538
Benson,Justice of the Supreme Court,,NON,Dale Sandstrom,737
Benson,Public Service Commissioner,,DEM,Cheryl Bergian,553
Benson,Public Service Commissioner,,REP,Tony Clark,233
Benson,Secretary of State,,DEM,Kristin Hedger,551
Benson,Secretary of State,,REP,Alvin A (Al) Jaeger,232
Benson,State House Legislative,23,DEM,Ben Vig,114
Benson,State House Legislative,23,DEM,Edward R Brownshield,142
Benson,State House Legislative,23,REP,Don Vigesaa,66
Benson,State House Legislative,23,REP,William (Bill) Devlin,62
Benson,State House Legislative,7,DEM,Arlo E Schmidt,429
Benson,State House Legislative,7,DEM,Marie J Marshall,311
Benson,State House Legislative,7,REP,Jon Nelson,142
Benson,State House Legislative,7,REP,Tom Bodine,136
Benson,State Senate Legislative District 23,,DEM,Joan Heckaman,164
Benson,State Senate Legislative District 23,,REP,Frank E Walker,53
Benson,State Senate Legislative District 23,,REP,Preston Meier,28
Benson,State Senate Legislative District 7,,DEM,Ryan M Taylor,426
Benson,State Senate Legislative District 7,,REP,Dick Anderson,153
Benson,Tax Commissioner,,DEM,Brent Edison,560
Benson,Tax Commissioner,,REP,Cory Fong,230
Benson,U.S. House,1,DEM,Earl Pomeroy,605
Benson,U.S. House,1,REP,Matt Mechtel,230
Benson,U.S. Senate,,DEM,Kent Conrad,617
Benson,U.S. Senate,,REP,Dwight Grotberg,237
Billings,Agriculture Commissioner,,DEM,Roger Johnson,55
Billings,Agriculture Commissioner,,REP,Doug Goehring,104
Billings,Attorney General,,DEM,Bill Brudvik,53
Billings,Attorney General,,REP,Wayne Stenehjem,105
Billings,C 1: This constitutional measure would amend section 16 of Article XI of the North Dakota Constitution,,,No,47
Billings,C 1: This constitutional measure would amend section 16 of Article XI of the North Dakota Constitution,,,Yes,108
Billings,C 2: This constitutional measure would amend certain sections and repeal other sections of Article XII of the North Dakota Constitution,,,No,55
Billings,C 2: This constitutional measure would amend certain sections and repeal other sections of Article XII of the North Dakota Constitution,,,Yes,97
Billings,Justice of the Supreme Court,,NON,Dale Sandstrom,145
Billings,Public Service Commissioner,,DEM,Cheryl Bergian,51
Billings,Public Service Commissioner,,REP,Tony Clark,110
Billings,Secretary of State,,DEM,Kristin Hedger,53
Billings,Secretary of State,,REP,Alvin A (Al) Jaeger,109
Billings,State House Legislative,39,REP,"David ""Skip"" Drovdal",95
Billings,State House Legislative,39,REP,Keith Kempenich,94
Billings,State Senate Legislative District 39,,REP,Bill L Bowman,107
Billings,Tax Commissioner,,DEM,Brent Edison,52
Billings,Tax Commissioner,,REP,Cory Fong,107
Billings,U.S. House,1,DEM,Earl Pomeroy,54
Billings,U.S. House,1,REP,Matt Mechtel,109
Billings,U.S. Senate,,DEM,Kent Conrad,56
Billings,U.S. Senate,,REP,Dwight Grotberg,106
Bottineau,Agriculture Commissioner,,DEM,Roger Johnson,736
Bottineau,Agriculture Commissioner,,REP,Doug Goehring,520
Bottineau,Attorney General,,DEM,Bill Brudvik,682
Bottineau,Attorney General,,REP,Wayne Stenehjem,531
Bottineau,C 1: This constitutional measure would amend section 16 of Article XI of the North Dakota Constitution,,,No,273
Bottineau,C 1: This constitutional measure would amend section 16 of Article XI of the North Dakota Constitution,,,Yes,964
Bottineau,C 2: This constitutional measure would amend certain sections and repeal other sections of Article XII of the North Dakota Constitution,,,No,340
Bottineau,C 2: This constitutional measure would amend certain sections and repeal other sections of Article XII of the North Dakota Constitution,,,Yes,865
Bottineau,Justice of the Supreme Court,,NON,Dale Sandstrom,1213
Bottineau,Public Service Commissioner,,DEM,Cheryl Bergian,691
Bottineau,Public Service Commissioner,,REP,Tony Clark,513
Bottineau,Secretary of State,,DEM,Kristin Hedger,692
Bottineau,Secretary of State,,REP,Alvin A (Al) Jaeger,524
Bottineau,Tax Commissioner,,DEM,Brent Edison,692
Bottineau,Tax Commissioner,,REP,Cory Fong,513
Bottineau,U.S. House,1,DEM,Earl Pomeroy,760
Bottineau,U.S. House,1,REP,Matt Mechtel,509
Bottineau,U.S. Senate,,DEM,Kent Conrad,770
Bottineau,U.S. Senate,,REP,Dwight Grotberg,516
Bowman,Agriculture Commissioner,,DEM,Roger Johnson,197
Bowman,Agriculture Commissioner,,REP,Doug Goehring,324
Bowman,Attorney General,,DEM,Bill Brudvik,176
Bowman,Attorney General,,REP,Wayne Stenehjem,332
Bowman,C 1: This constitutional measure would amend section 16 of Article XI of the North Dakota Constitution,,,No,124
Bowman,C 1: This constitutional measure would amend section 16 of Article XI of the North Dakota Constitution,,,Yes,381
Bowman,C 2: This constitutional measure would amend certain sections and repeal other sections of Article XII of the North Dakota Constitution,,,No,154
Bowman,C 2: This constitutional measure would amend certain sections and repeal other sections of Article XII of the North Dakota Constitution,,,Yes,344
Bowman,Justice of the Supreme Court,,NON,Dale Sandstrom,497
Bowman,Public Service Commissioner,,DEM,Cheryl Bergian,177
Bowman,Public Service Commissioner,,REP,Tony Clark,325
Bowman,Secretary of State,,DEM,Kristin Hedger,174
Bowman,Secretary of State,,REP,Alvin A (Al) Jaeger,330
Bowman,State House Legislative,39,REP,"David ""Skip"" Drovdal",315
Bowman,State House Legislative,39,REP,Keith Kempenich,331
Bowman,State Senate Legislative District 39,,REP,Bill L Bowman,339
Bowman,Tax Commissioner,,DEM,Brent Edison,180
Bowman,Tax Commissioner,,REP,Cory Fong,321
Bowman,U.S. House,1,DEM,Earl Pomeroy,204
Bowman,U.S. House,1,REP,Matt Mechtel,304
Bowman,U.S. Senate,,DEM,Kent Conrad,209
Bowman,U.S. Senate,,REP,Dwight Grotberg,307
Burke,Agriculture Commissioner,,DEM,Roger Johnson,212
Burke,Agriculture Commissioner,,REP,Doug Goehring,137
Burke,Attorney General,,DEM,Bill Brudvik,187
Burke,Attorney General,,REP,Wayne Stenehjem,136
Burke,C 1: This constitutional measure would amend section 16 of Article XI of the North Dakota Constitution,,,No,73
Burke,C 1: This constitutional measure would amend section 16 of Article XI of the North Dakota Constitution,,,Yes,246
Burke,C 2: This constitutional measure would amend certain sections and repeal other sections of Article XII of the North Dakota Constitution,,,No,98
Burke,C 2: This constitutional measure would amend certain sections and repeal other sections of Article XII of the North Dakota Constitution,,,Yes,212
Burke,Justice of the Supreme Court,,NON,Dale Sandstrom,293
Burke,Public Service Commissioner,,DEM,Cheryl Bergian,198
Burke,Public Service Commissioner,,REP,Tony Clark,137
Burke,Secretary of State,,DEM,Kristin Hedger,194
Burke,Secretary of State,,REP,Alvin A (Al) Jaeger,138
Burke,Tax Commissioner,,DEM,Brent Edison,195
Burke,Tax Commissioner,,REP,Cory Fong,136
Burke,U.S. House,1,DEM,Earl Pomeroy,225
Burke,U.S. House,1,REP,Matt Mechtel,131
Burke,U.S. Senate,,DEM,Kent Conrad,225
Burke,U.S. Senate,,REP,Dwight Grotberg,131
Burleigh,Agriculture Commissioner,,DEM,Roger Johnson,5311
Burleigh,Agriculture Commissioner,,REP,Doug Goehring,6398
Burleigh,Attorney General,,DEM,Bill Brudvik,4795
Burleigh,Attorney General,,REP,Wayne Stenehjem,6561
Burleigh,C 1: This constitutional measure would amend section 16 of Article XI of the North Dakota Constitution,,,No,3370
Burleigh,C 1: This constitutional measure would amend section 16 of Article XI of the North Dakota Constitution,,,Yes,9531
Burleigh,C 2: This constitutional measure would amend certain sections and repeal other sections of Article XII of the North Dakota Constitution,,,No,3240
Burleigh,C 2: This constitutional measure would amend certain sections and repeal other sections of Article XII of the North Dakota Constitution,,,Yes,9351
Burleigh,Justice of the Supreme Court,,NON,Dale Sandstrom,10920
Burleigh,Public Service Commissioner,,DEM,Cheryl Bergian,4869
Burleigh,Public Service Commissioner,,REP,Tony Clark,6372
Burleigh,Secretary of State,,DEM,Kristin Hedger,4928
Burleigh,Secretary of State,,REP,Alvin A (Al) Jaeger,6483
Burleigh,State House Legislative,35,DEM,Michael Frohlich,1070
Burleigh,State House Legislative,35,DEM,Ryan Gustafson,1068
Burleigh,State House Legislative,35,REP,Bob Martinson,1301
Burleigh,State House Legislative,35,REP,Karen Karls,1052
Burleigh,State House Legislative,35,REP,Michael Zimny,562
Burleigh,State House Legislative,47,DEM,Kameran Ali,1044
Burleigh,State House Legislative,47,DEM,Paul R Wilkins II,1132
Burleigh,State House Legislative,47,REP,George J Keiser,1807
Burleigh,State House Legislative,47,REP,Lawrence R Klemin,1754
Burleigh,State Senate Legislative District 35,,DEM,Tracy Potter,1197
Burleigh,State Senate Legislative District 35,,REP,Margaret Sitte,1428
Burleigh,State Senate Legislative District 47,,DEM,James Collins Jr,1215
Burleigh,State Senate Legislative District 47,,REP,Ralph L Kilzer,1903
Burleigh,Tax Commissioner,,DEM,Brent Edison,4960
Burleigh,Tax Commissioner,,REP,Cory Fong,6403
Burleigh,U.S. House,1,DEM,Earl Pomeroy,5586
Burleigh,U.S. House,1,REP,Matt Mechtel,6133
Burleigh,U.S. Senate,,DEM,Kent Conrad,5678
Burleigh,U.S. Senate,,REP,Dwight Grotberg,6220
Cass,Agriculture Commissioner,,DEM,Roger Johnson,11694
Cass,Agriculture Commissioner,,REP,Doug Goehring,8551
Cass,Attorney General,,DEM,Bill Brudvik,11052
Cass,Attorney General,,REP,Wayne Stenehjem,8814
Cass,C 1: This constitutional measure would amend section 16 of Article XI of the North Dakota Constitution,,,No,5997
Cass,C 1: This constitutional measure would amend section 16 of Article XI of the North Dakota Constitution,,,Yes,15306
Cass,C 2: This constitutional measure would amend certain sections and repeal other sections of Article XII of the North Dakota Constitution,,,No,4257
Cass,C 2: This constitutional measure would amend certain sections and repeal other sections of Article XII of the North Dakota Constitution,,,Yes,16372
Cass,Justice of the Supreme Court,,NON,Dale Sandstrom,18995
Cass,Public Service Commissioner,,DEM,Cheryl Bergian,11145
Cass,Public Service Commissioner,,REP,Tony Clark,8596
Cass,Secretary of State,,DEM,Kristin Hedger,11125
Cass,Secretary of State,,REP,Alvin A (Al) Jaeger,8727
Cass,State House Legislative,11,DEM,Mary Ekstrom,1498
Cass,State House Legislative,11,DEM,Scot Kelsh,1404
Cass,State House Legislative,11,REP,Kellie Aldrich,864
Cass,State House Legislative,11,REP,Zach Heuer,822
Cass,State House Legislative,13,DEM,Jackie Brodshaug,559
Cass,State House Legislative,13,DEM,Zac Ista,487
Cass,State House Legislative,13,REP,"Alon ""Al"" Wieland",448
Cass,State House Legislative,13,REP,Kim Koppelman,483
Cass,State House Legislative,21,DEM,Jasper Schneider,996
Cass,State House Legislative,21,DEM,Steve Zaiser,1043
Cass,State House Legislative,21,REP,Rachael Disrud,494
Cass,State House Legislative,21,REP,Sally M Sandvig,513
Cass,State House Legislative,27,DEM,Lee Myxter,901
Cass,State House Legislative,27,NON,Mike Lochow,70
Cass,State House Legislative,27,REP,Randy G Boehning,531
Cass,State House Legislative,27,REP,Ron Iverson,575
Cass,State House Legislative,41,REP,Al Carlson,1178
Cass,State House Legislative,41,REP,Bette B Grande,1029
Cass,State House Legislative,45,DEM,Barry N Nelson,938
Cass,State House Legislative,45,DEM,Ed Gruchalla,908
Cass,State House Legislative,45,REP,LeRoy G Bernstein,706
Cass,State House Legislative,45,REP,Rick Berg,820
Cass,State Senate Legislative District 11,,DEM,Tim Mathern,1694
Cass,State Senate Legislative District 11,,REP,Daniel Narloch,980
Cass,State Senate Legislative District 13,,DEM,John Fleming,576
Cass,State Senate Legislative District 13,,REP,Judy Lee,508
Cass,State Senate Legislative District 21,,DEM,Carolyn Nelson,1228
Cass,State Senate Legislative District 21,,REP,David Humphrey,586
Cass,State Senate Legislative District 27,,DEM,Jim Pomeroy,946
Cass,State Senate Legislative District 27,,REP,Richard L Brown,640
Cass,State Senate Legislative District 41,,REP,Tony Grindberg,1287
Cass,State Senate Legislative District 45,,DEM,Tom Fiebiger,1068
Cass,State Senate Legislative District 45,,REP,John O Syverson,841
Cass,Tax Commissioner,,DEM,Brent Edison,11202
Cass,Tax Commissioner,,REP,Cory Fong,8484
Cass,U.S. House,1,DEM,Earl Pomeroy,12579
Cass,U.S. House,1,REP,Matt Mechtel,8433
Cass,U.S. Senate,,DEM,Kent Conrad,12765
Cass,U.S. Senate,,REP,Dwight Grotberg,8483
Cavalier,Agriculture Commissioner,,DEM,Roger Johnson,621
Cavalier,Agriculture Commissioner,,REP,Doug Goehring,312
Cavalier,Attorney General,,DEM,Bill Brudvik,553
Cavalier,Attorney General,,REP,Wayne Stenehjem,316
Cavalier,C 1: This constitutional measure would amend section 16 of Article XI of the North Dakota Constitution,,,No,322
Cavalier,C 1: This constitutional measure would amend section 16 of Article XI of the North Dakota Constitution,,,Yes,629
Cavalier,C 2: This constitutional measure would amend certain sections and repeal other sections of Article XII of the North Dakota Constitution,,,No,324
Cavalier,C 2: This constitutional measure would amend certain sections and repeal other sections of Article XII of the North Dakota Constitution,,,Yes,596
Cavalier,Justice of the Supreme Court,,NON,Dale Sandstrom,866
Cavalier,Public Service Commissioner,,DEM,Cheryl Bergian,557
Cavalier,Public Service Commissioner,,REP,Tony Clark,301
Cavalier,Secretary of State,,DEM,Kristin Hedger,563
Cavalier,Secretary of State,,REP,Alvin A (Al) Jaeger,313
Cavalier,Tax Commissioner,,DEM,Brent Edison,561
Cavalier,Tax Commissioner,,REP,Cory Fong,298
Cavalier,U.S. House,1,DEM,Earl Pomeroy,687
Cavalier,U.S. House,1,REP,Matt Mechtel,307
Cavalier,U.S. Senate,,DEM,Kent Conrad,702
Cavalier,U.S. Senate,,REP,Dwight Grotberg,320
Dickey,Agriculture Commissioner,,DEM,Roger Johnson,812
Dickey,Agriculture Commissioner,,REP,Doug Goehring,670
Dickey,Attorney General,,DEM,Bill Brudvik,784
Dickey,Attorney General,,REP,Wayne Stenehjem,680
Dickey,C 1: This constitutional measure would amend section 16 of Article XI of the North Dakota Constitution,,,No,378
Dickey,C 1: This constitutional measure would amend section 16 of Article XI of the North Dakota Constitution,,,Yes,1088
Dickey,C 2: This constitutional measure would amend certain sections and repeal other sections of Article XII of the North Dakota Constitution,,,No,340
Dickey,C 2: This constitutional measure would amend certain sections and repeal other sections of Article XII of the North Dakota Constitution,,,Yes,1105
Dickey,Justice of the Supreme Court,,NON,Dale Sandstrom,1418
Dickey,Public Service Commissioner,,DEM,Cheryl Bergian,794
Dickey,Public Service Commissioner,,REP,Tony Clark,672
Dickey,Secretary of State,,DEM,Kristin Hedger,790
Dickey,Secretary of State,,REP,Alvin A (Al) Jaeger,674
Dickey,Tax Commissioner,,DEM,Brent Edison,783
Dickey,Tax Commissioner,,REP,Cory Fong,661
Dickey,U.S. House,1,DEM,Earl Pomeroy,847
Dickey,U.S. House,1,REP,Matt Mechtel,668
Dickey,U.S. Senate,,DEM,Kent Conrad,858
Dickey,U.S. Senate,,REP,Dwight Grotberg,675
Divide,Agriculture Commissioner,,DEM,Roger Johnson,294
Divide,Agriculture Commissioner,,REP,Doug Goehring,149
Divide,Attorney General,,DEM,Bill Brudvik,265
Divide,Attorney General,,REP,Wayne Stenehjem,161
Divide,C 1: This constitutional measure would amend section 16 of Article XI of the North Dakota Constitution,,,No,85
Divide,C 1: This constitutional measure would amend section 16 of Article XI of the North Dakota Constitution,,,Yes,386
Divide,C 2: This constitutional measure would amend certain sections and repeal other sections of Article XII of the North Dakota Constitution,,,No,112
Divide,C 2: This constitutional measure would amend certain sections and repeal other sections of Article XII of the North Dakota Constitution,,,Yes,347
Divide,Justice of the Supreme Court,,NON,Dale Sandstrom,444
Divide,Public Service Commissioner,,DEM,Cheryl Bergian,269
Divide,Public Service Commissioner,,REP,Tony Clark,149
Divide,Secretary of State,,DEM,Kristin Hedger,273
Divide,Secretary of State,,REP,Alvin A (Al) Jaeger,153
Divide,Tax Commissioner,,DEM,Brent Edison,271
Divide,Tax Commissioner,,REP,Cory Fong,148
Divide,U.S. House,1,DEM,Earl Pomeroy,305
Divide,U.S. House,1,REP,Matt Mechtel,148
Divide,U.S. Senate,,DEM,Kent Conrad,309
Divide,U.S. Senate,,REP,Dwight Grotberg,149
Dunn,Agriculture Commissioner,,DEM,Roger Johnson,480
Dunn,Agriculture Commissioner,,REP,Doug Goehring,450
Dunn,Attorney General,,DEM,Bill Brudvik,446
Dunn,Attorney General,,REP,Wayne Stenehjem,454
Dunn,C 1: This constitutional measure would amend section 16 of Article XI of the North Dakota Constitution,,,No,336
Dunn,C 1: This constitutional measure would amend section 16 of Article XI of the North Dakota Constitution,,,Yes,586
Dunn,C 2: This constitutional measure would amend certain sections and repeal other sections of Article XII of the North Dakota Constitution,,,No,348
Dunn,C 2: This constitutional measure would amend certain sections and repeal other sections of Article XII of the North Dakota Constitution,,,Yes,557
Dunn,Justice of the Supreme Court,,NON,Dale Sandstrom,870
Dunn,Public Service Commissioner,,DEM,Cheryl Bergian,446
Dunn,Public Service Commissioner,,REP,Tony Clark,446
Dunn,Secretary of State,,DEM,Kristin Hedger,447
Dunn,Secretary of State,,REP,Alvin A (Al) Jaeger,450
Dunn,Tax Commissioner,,DEM,Brent Edison,449
Dunn,Tax Commissioner,,REP,Cory Fong,444
Dunn,U.S. House,1,DEM,Earl Pomeroy,495
Dunn,U.S. House,1,REP,Matt Mechtel,441
Dunn,U.S. Senate,,DEM,Kent Conrad,510
Dunn,U.S. Senate,,REP,Dwight Grotberg,445
Eddy,Agriculture Commissioner,,DEM,Roger Johnson,355
Eddy,Agriculture Commissioner,,REP,Doug Goehring,224
Eddy,Attorney General,,DEM,Bill Brudvik,332
Eddy,Attorney General,,REP,Wayne Stenehjem,234
Eddy,C 1: This constitutional measure would amend section 16 of Article XI of the North Dakota Constitution,,,No,164
Eddy,C 1: This constitutional measure would amend section 16 of Article XI of the North Dakota Constitution,,,Yes,426
Eddy,C 2: This constitutional measure would amend certain sections and repeal other sections of Article XII of the North Dakota Constitution,,,No,176
Eddy,C 2: This constitutional measure would amend certain sections and repeal other sections of Article XII of the North Dakota Constitution,,,Yes,403
Eddy,Justice of the Supreme Court,,NON,Dale Sandstrom,550
Eddy,Public Service Commissioner,,DEM,Cheryl Bergian,332
Eddy,Public Service Commissioner,,REP,Tony Clark,229
Eddy,Secretary of State,,DEM,Kristin Hedger,334
Eddy,Secretary of State,,REP,Alvin A (Al) Jaeger,229
Eddy,State House Legislative,23,DEM,Ben Vig,258
Eddy,State House Legislative,23,DEM,Edward R Brownshield,248
Eddy,State House Legislative,23,REP,Don Vigesaa,205
Eddy,State House Legislative,23,REP,William (Bill) Devlin,192
Eddy,State House Legislative,29,DEM,Clarence R Daniel,41
Eddy,State House Legislative,29,DEM,Ellen Linderman,43
Eddy,State House Legislative,29,REP,Chet Pollert,15
Eddy,State House Legislative,29,REP,Craig Headland,12
Eddy,State Senate Legislative District 23,,DEM,Joan Heckaman,316
Eddy,State Senate Legislative District 23,,REP,Frank E Walker,124
Eddy,State Senate Legislative District 23,,REP,Preston Meier,121
Eddy,State Senate Legislative District 29,,DEM,Dustin E Lien,47
Eddy,State Senate Legislative District 29,,REP,Terry M Wanzek,15
Eddy,Tax Commissioner,,DEM,Brent Edison,336
Eddy,Tax Commissioner,,REP,Cory Fong,224
Eddy,U.S. House,1,DEM,Earl Pomeroy,366
Eddy,U.S. House,1,REP,Matt Mechtel,219
Eddy,U.S. Senate,,DEM,Kent Conrad,371
Eddy,U.S. Senate,,REP,Dwight Grotberg,218
Emmons,Agriculture Commissioner,,DEM,Roger Johnson,540
Emmons,Agriculture Commissioner,,REP,Doug Goehring,537
Emmons,Attorney General,,DEM,Bill Brudvik,501
Emmons,Attorney General,,REP,Wayne Stenehjem,528
Emmons,C 1: This constitutional measure would amend section 16 of Article XI of the North Dakota Constitution,,,No,360
Emmons,C 1: This constitutional measure would amend section 16 of Article XI of the North Dakota Constitution,,,Yes,701
Emmons,C 2: This constitutional measure would amend certain sections and repeal other sections of Article XII of the North Dakota Constitution,,,No,418
Emmons,C 2: This constitutional measure would amend certain sections and repeal other sections of Article XII of the North Dakota Constitution,,,Yes,628
Emmons,Justice of the Supreme Court,,NON,Dale Sandstrom,975
Emmons,Public Service Commissioner,,DEM,Cheryl Bergian,506
Emmons,Public Service Commissioner,,REP,Tony Clark,518
Emmons,Secretary of State,,DEM,Kristin Hedger,502
Emmons,Secretary of State,,REP,Alvin A (Al) Jaeger,517
Emmons,Tax Commissioner,,DEM,Brent Edison,513
Emmons,Tax Commissioner,,REP,Cory Fong,515
Emmons,U.S. House,1,DEM,Earl Pomeroy,573
Emmons,U.S. House,1,REP,Matt Mechtel,504
Emmons,U.S. Senate,,DEM,Kent Conrad,580
Emmons,U.S. Senate,,REP,Dwight Grotberg,507
Foster,Agriculture Commissioner,,DEM,Roger Johnson,411
Foster,Agriculture Commissioner,,REP,Doug Goehring,268
Foster,Attorney General,,DEM,Bill Brudvik,375
Foster,Attorney General,,REP,Wayne Stenehjem,278
Foster,C 1: This constitutional measure would amend section 16 of Article XI of the North Dakota Constitution,,,No,204
Foster,C 1: This constitutional measure would amend section 16 of Article XI of the North Dakota Constitution,,,Yes,462
Foster,C 2: This constitutional measure would amend certain sections and repeal other sections of Article XII of the North Dakota Constitution,,,No,171
Foster,C 2: This constitutional measure would amend certain sections and repeal other sections of Article XII of the North Dakota Constitution,,,Yes,489
Foster,Justice of the Supreme Court,,NON,Dale Sandstrom,643
Foster,Public Service Commissioner,,DEM,Cheryl Bergian,376
Foster,Public Service Commissioner,,REP,Tony Clark,272
Foster,Secretary of State,,DEM,Kristin Hedger,377
Foster,Secretary of State,,REP,Alvin A (Al) Jaeger,278
Foster,State House Legislative,29,DEM,Clarence R Daniel,306
Foster,State House Legislative,29,DEM,Ellen Linderman,382
Foster,State House Legislative,29,REP,Chet Pollert,290
Foster,State House Legislative,29,REP,Craig Headland,241
Foster,State Senate Legislative District 29,,DEM,Dustin E Lien,376
Foster,State Senate Legislative District 29,,REP,Terry M Wanzek,287
Foster,Tax Commissioner,,DEM,Brent Edison,382
Foster,Tax Commissioner,,REP,Cory Fong,267
Foster,U.S. House,1,DEM,Earl Pomeroy,432
Foster,U.S. House,1,REP,Matt Mechtel,268
Foster,U.S. Senate,,DEM,Kent Conrad,436
Foster,U.S. Senate,,REP,Dwight Grotberg,265
Golden Valley,Agriculture Commissioner,,DEM,Roger Johnson,168
Golden Valley,Agriculture Commissioner,,REP,Doug Goehring,182
Golden Valley,Attorney General,,DEM,Bill Brudvik,153
Golden Valley,Attorney General,,REP,Wayne Stenehjem,188
Golden Valley,C 1: This constitutional measure would amend section 16 of Article XI of the North Dakota Constitution,,,No,102
Golden Valley,C 1: This constitutional measure would amend section 16 of Article XI of the North Dakota Constitution,,,Yes,277
Golden Valley,C 2: This constitutional measure would amend certain sections and repeal other sections of Article XII of the North Dakota Constitution,,,No,123
Golden Valley,C 2: This constitutional measure would amend certain sections and repeal other sections of Article XII of the North Dakota Constitution,,,Yes,246
Golden Valley,Justice of the Supreme Court,,NON,Dale Sandstrom,330
Golden Valley,Public Service Commissioner,,DEM,Cheryl Bergian,153
Golden Valley,Public Service Commissioner,,REP,Tony Clark,180
Golden Valley,Secretary of State,,DEM,Kristin Hedger,156
Golden Valley,Secretary of State,,REP,Alvin A (Al) Jaeger,179
Golden Valley,State House Legislative,39,REP,"David ""Skip"" Drovdal",178
Golden Valley,State House Legislative,39,REP,Keith Kempenich,169
Golden Valley,State Senate Legislative District 39,,REP,Bill L Bowman,191
Golden Valley,Tax Commissioner,,DEM,Brent Edison,155
Golden Valley,Tax Commissioner,,REP,Cory Fong,181
Golden Valley,U.S. House,1,DEM,Earl Pomeroy,183
Golden Valley,U.S. House,1,REP,Matt Mechtel,187
Golden Valley,U.S. Senate,,DEM,Kent Conrad,188
Golden Valley,U.S. Senate,,REP,Dwight Grotberg,185
Grand Forks,Agriculture Commissioner,,DEM,Roger Johnson,2777
Grand Forks,Agriculture Commissioner,,REP,Doug Goehring,1719
Grand Forks,Attorney General,,DEM,Bill Brudvik,2540
Grand Forks,Attorney General,,REP,Wayne Stenehjem,1814
Grand Forks,C 1: This constitutional measure would amend section 16 of Article XI of the North Dakota Constitution,,,No,821
Grand Forks,C 1: This constitutional measure would amend section 16 of Article XI of the North Dakota Constitution,,,Yes,3966
Grand Forks,C 2: This constitutional measure would amend certain sections and repeal other sections of Article XII of the North Dakota Constitution,,,No,830
Grand Forks,C 2: This constitutional measure would amend certain sections and repeal other sections of Article XII of the North Dakota Constitution,,,Yes,3878
Grand Forks,Justice of the Supreme Court,,NON,Dale Sandstrom,4282
Grand Forks,Public Service Commissioner,,DEM,Cheryl Bergian,2596
Grand Forks,Public Service Commissioner,,REP,Tony Clark,1733
Grand Forks,Secretary of State,,DEM,Kristin Hedger,2605
Grand Forks,Secretary of State,,REP,Alvin A (Al) Jaeger,1773
Grand Forks,State House Legislative,17,DEM,Cully Gause,547
Grand Forks,State House Legislative,17,DEM,"Louise Potter ""Weezie""",697
Grand Forks,State House Legislative,17,REP,Ken Svedjan,489
Grand Forks,State House Legislative,17,REP,Kristi Eickhof,438
Grand Forks,State House Legislative,19,DEM,Chris Griffin,550
Grand Forks,State House Legislative,19,DEM,Erin E Braaten,550
Grand Forks,State House Legislative,19,REP,Gerald Uglem,526
Grand Forks,State House Legislative,19,REP,Thomas Brusegaard,501
Grand Forks,State House Legislative,43,DEM,Jamie Selzler,394
Grand Forks,State House Legislative,43,DEM,Lois Delmore,478
Grand Forks,State House Legislative,43,REP,Darrell Nottestad,269
Grand Forks,State House Legislative,43,REP,Kathleen Lander,259
Grand Forks,State Senate Legislative District 17,,DEM,Tom Lamb,676
Grand Forks,State Senate Legislative District 17,,REP,Ray Holmberg,527
Grand Forks,State Senate Legislative District 19,,DEM,Arthur H Behm,652
Grand Forks,State Senate Legislative District 19,,REP,Duane Mutch,579
Grand Forks,State Senate Legislative District 43,,DEM,JoNell Bakke,499
Grand Forks,State Senate Legislative District 43,,REP,Duaine C Espegard,307
Grand Forks,Tax Commissioner,,DEM,Brent Edison,2636
Grand Forks,Tax Commissioner,,REP,Cory Fong,1727
Grand Forks,U.S. House,1,DEM,Earl Pomeroy,2967
Grand Forks,U.S. House,1,REP,Matt Mechtel,1653
Grand Forks,U.S. Senate,,DEM,Kent Conrad,3003
Grand Forks,U.S. Senate,,REP,Dwight Grotberg,1681
Grant,Agriculture Commissioner,,DEM,Roger Johnson,413
Grant,Agriculture Commissioner,,REP,Doug Goehring,373
Grant,Attorney General,,DEM,Bill Brudvik,377
Grant,Attorney General,,REP,Wayne Stenehjem,380
Grant,C 1: This constitutional measure would amend section 16 of Article XI of the North Dakota Constitution,,,No,250
Grant,C 1: This constitutional measure would amend section 16 of Article XI of the North Dakota Constitution,,,Yes,491
Grant,C 2: This constitutional measure would amend certain sections and repeal other sections of Article XII of the North Dakota Constitution,,,No,294
Grant,C 2: This constitutional measure would amend certain sections and repeal other sections of Article XII of the North Dakota Constitution,,,Yes,431
Grant,Justice of the Supreme Court,,NON,Dale Sandstrom,698
Grant,Public Service Commissioner,,DEM,Cheryl Bergian,386
Grant,Public Service Commissioner,,REP,Tony Clark,368
Grant,Secretary of State,,DEM,Kristin Hedger,391
Grant,Secretary of State,,REP,Alvin A (Al) Jaeger,375
Grant,State House Legislative,31,DEM,James Kerzman,378
Grant,State House Legislative,31,DEM,Rodney J Froelich,363
Grant,State House Legislative,31,REP,Carson Kouba,344
Grant,State House Legislative,31,REP,Charles W Murphy,306
Grant,State Senate Legislative District 31,,DEM,Aaron Krauter,421
Grant,State Senate Legislative District 31,,REP,Dennis Renner,376
Grant,Tax Commissioner,,DEM,Brent Edison,393
Grant,Tax Commissioner,,REP,Cory Fong,365
Grant,U.S. House,1,DEM,Earl Pomeroy,423
Grant,U.S. House,1,REP,Matt Mechtel,371
Grant,U.S. Senate,,DEM,Kent Conrad,429
Grant,U.S. Senate,,REP,Dwight Grotberg,374
Griggs,Agriculture Commissioner,,DEM,Roger Johnson,302
Griggs,Agriculture Commissioner,,REP,Doug Goehring,291
Griggs,Attorney General,,DEM,Bill Brudvik,277
Griggs,Attorney General,,REP,Wayne Stenehjem,296
Griggs,C 1: This constitutional measure would amend section 16 of Article XI of the North Dakota Constitution,,,No,203
Griggs,C 1: This constitutional measure would amend section 16 of Article XI of the North Dakota Constitution,,,Yes,404
Griggs,C 2: This constitutional measure would amend certain sections and repeal other sections of Article XII of the North Dakota Constitution,,,No,180
Griggs,C 2: This constitutional measure would amend certain sections and repeal other sections of Article XII of the North Dakota Constitution,,,Yes,410
Griggs,Justice of the Supreme Court,,NON,Dale Sandstrom,565
Griggs,Public Service Commissioner,,DEM,Cheryl Bergian,280
Griggs,Public Service Commissioner,,REP,Tony Clark,292
Griggs,Secretary of State,,DEM,Kristin Hedger,279
Griggs,Secretary of State,,REP,Alvin A (Al) Jaeger,298
Griggs,State House Legislative,23,DEM,Ben Vig,271
Griggs,State House Legislative,23,DEM,Edward R Brownshield,215
Griggs,State House Legislative,23,REP,Don Vigesaa,315
Griggs,State House Legislative,23,REP,William (Bill) Devlin,283
Griggs,State Senate Legislative District 23,,DEM,Joan Heckaman,297
Griggs,State Senate Legislative District 23,,REP,Frank E Walker,105
Griggs,State Senate Legislative District 23,,REP,Preston Meier,200
Griggs,Tax Commissioner,,DEM,Brent Edison,286
Griggs,Tax Commissioner,,REP,Cory Fong,289
Griggs,U.S. House,1,DEM,Earl Pomeroy,322
Griggs,U.S. House,1,REP,Matt Mechtel,287
Griggs,U.S. Senate,,DEM,Kent Conrad,329
Griggs,U.S. Senate,,REP,Dwight Grotberg,295
Hettinger,Agriculture Commissioner,,DEM,Roger Johnson,429
Hettinger,Agriculture Commissioner,,REP,Doug Goehring,253
Hettinger,Attorney General,,DEM,Bill Brudvik,401
Hettinger,Attorney General,,REP,Wayne Stenehjem,256
Hettinger,C 1: This constitutional measure would amend section 16 of Article XI of the North Dakota Constitution,,,No,203
Hettinger,C 1: This constitutional measure would amend section 16 of Article XI of the North Dakota Constitution,,,Yes,455
Hettinger,C 2: This constitutional measure would amend certain sections and repeal other sections of Article XII of the North Dakota Constitution,,,No,218
Hettinger,C 2: This constitutional measure would amend certain sections and repeal other sections of Article XII of the North Dakota Constitution,,,Yes,429
Hettinger,Justice of the Supreme Court,,NON,Dale Sandstrom,617
Hettinger,Public Service Commissioner,,DEM,Cheryl Bergian,411
Hettinger,Public Service Commissioner,,REP,Tony Clark,253
Hettinger,Secretary of State,,DEM,Kristin Hedger,419
Hettinger,Secretary of State,,REP,Alvin A (Al) Jaeger,255
Hettinger,State House Legislative,31,DEM,James Kerzman,309
Hettinger,State House Legislative,31,DEM,Rodney J Froelich,256
Hettinger,State House Legislative,31,REP,Carson Kouba,165
Hettinger,State House Legislative,31,REP,Charles W Murphy,131
Hettinger,State Senate Legislative District 31,,DEM,Aaron Krauter,314
Hettinger,State Senate Legislative District 31,,REP,Dennis Renner,175
Hettinger,Tax Commissioner,,DEM,Brent Edison,420
Hettinger,Tax Commissioner,,REP,Cory Fong,251
Hettinger,U.S. House,1,DEM,Earl Pomeroy,443
Hettinger,U.S. House,1,REP,Matt Mechtel,252
Hettinger,U.S. Senate,,DEM,Kent Conrad,456
Hettinger,U.S. Senate,,REP,Dwight Grotberg,256
Kidder,Agriculture Commissioner,,DEM,Roger Johnson,312
Kidder,Agriculture Commissioner,,REP,Doug Goehring,271
Kidder,Attorney General,,DEM,Bill Brudvik,278
Kidder,Attorney General,,REP,Wayne Stenehjem,266
Kidder,C 1: This constitutional measure would amend section 16 of Article XI of the North Dakota Constitution,,,No,194
Kidder,C 1: This constitutional measure would amend section 16 of Article XI of the North Dakota Constitution,,,Yes,343
Kidder,C 2: This constitutional measure would amend certain sections and repeal other sections of Article XII of the North Dakota Constitution,,,No,198
Kidder,C 2: This constitutional measure would amend certain sections and repeal other sections of Article XII of the North Dakota Constitution,,,Yes,313
Kidder,Justice of the Supreme Court,,NON,Dale Sandstrom,510
Kidder,Public Service Commissioner,,DEM,Cheryl Bergian,286
Kidder,Public Service Commissioner,,REP,Tony Clark,257
Kidder,Secretary of State,,DEM,Kristin Hedger,291
Kidder,Secretary of State,,REP,Alvin A (Al) Jaeger,263
Kidder,Tax Commissioner,,DEM,Brent Edison,288
Kidder,Tax Commissioner,,REP,Cory Fong,257
Kidder,U.S. House,1,DEM,Earl Pomeroy,315
Kidder,U.S. House,1,REP,Matt Mechtel,249
Kidder,U.S. Senate,,DEM,Kent Conrad,321
Kidder,U.S. Senate,,REP,Dwight Grotberg,258
LaMoure,Agriculture Commissioner,,DEM,Roger Johnson,551
LaMoure,Agriculture Commissioner,,REP,Doug Goehring,481
LaMoure,Attorney General,,DEM,Bill Brudvik,512
LaMoure,Attorney General,,REP,Wayne Stenehjem,486
LaMoure,C 1: This constitutional measure would amend section 16 of Article XI of the North Dakota Constitution,,,No,307
LaMoure,C 1: This constitutional measure would amend section 16 of Article XI of the North Dakota Constitution,,,Yes,717
LaMoure,C 2: This constitutional measure would amend certain sections and repeal other sections of Article XII of the North Dakota Constitution,,,No,343
LaMoure,C 2: This constitutional measure would amend certain sections and repeal other sections of Article XII of the North Dakota Constitution,,,Yes,662
LaMoure,Justice of the Supreme Court,,NON,Dale Sandstrom,1002
LaMoure,Public Service Commissioner,,DEM,Cheryl Bergian,525
LaMoure,Public Service Commissioner,,REP,Tony Clark,473
LaMoure,Secretary of State,,DEM,Kristin Hedger,517
LaMoure,Secretary of State,,REP,Alvin A (Al) Jaeger,482
LaMoure,State House Legislative,29,DEM,Clarence R Daniel,125
LaMoure,State House Legislative,29,DEM,Ellen Linderman,145
LaMoure,State House Legislative,29,REP,Chet Pollert,109
LaMoure,State House Legislative,29,REP,Craig Headland,114
LaMoure,State Senate Legislative District 29,,DEM,Dustin E Lien,151
LaMoure,State Senate Legislative District 29,,REP,Terry M Wanzek,117
LaMoure,Tax Commissioner,,DEM,Brent Edison,526
LaMoure,Tax Commissioner,,REP,Cory Fong,473
LaMoure,U.S. House,1,DEM,Earl Pomeroy,565
LaMoure,U.S. House,1,REP,Matt Mechtel,472
LaMoure,U.S. Senate,,DEM,Kent Conrad,570
LaMoure,U.S. Senate,,REP,Dwight Grotberg,472
Logan,Agriculture Commissioner,,DEM,Roger Johnson,184
Logan,Agriculture Commissioner,,REP,Doug Goehring,174
Logan,Attorney General,,DEM,Bill Brudvik,152
Logan,Attorney General,,REP,Wayne Stenehjem,171
Logan,C 1: This constitutional measure would amend section 16 of Article XI of the North Dakota Constitution,,,No,110
Logan,C 1: This constitutional measure would amend section 16 of Article XI of the North Dakota Constitution,,,Yes,237
Logan,C 2: This constitutional measure would amend certain sections and repeal other sections of Article XII of the North Dakota Constitution,,,No,123
Logan,C 2: This constitutional measure would amend certain sections and repeal other sections of Article XII of the North Dakota Constitution,,,Yes,219
Logan,Justice of the Supreme Court,,NON,Dale Sandstrom,306
Logan,Public Service Commissioner,,DEM,Cheryl Bergian,161
Logan,Public Service Commissioner,,REP,Tony Clark,170
Logan,Secretary of State,,DEM,Kristin Hedger,155
Logan,Secretary of State,,REP,Alvin A (Al) Jaeger,168
Logan,Tax Commissioner,,DEM,Brent Edison,162
Logan,Tax Commissioner,,REP,Cory Fong,168
Logan,U.S. House,1,DEM,Earl Pomeroy,190
Logan,U.S. House,1,REP,Matt Mechtel,164
Logan,U.S. Senate,,DEM,Kent Conrad,193
Logan,U.S. Senate,,REP,Dwight Grotberg,170
McHenry,Agriculture Commissioner,,DEM,Roger Johnson,644
McHenry,Agriculture Commissioner,,REP,Doug Goehring,377
McHenry,Attorney General,,DEM,Bill Brudvik,590
McHenry,Attorney General,,REP,Wayne Stenehjem,383
McHenry,C 1: This constitutional measure would amend section 16 of Article XI of the North Dakota Constitution,,,No,286
McHenry,C 1: This constitutional measure would amend section 16 of Article XI of the North Dakota Constitution,,,Yes,707
McHenry,C 2: This constitutional measure would amend certain sections and repeal other sections of Article XII of the North Dakota Constitution,,,No,326
McHenry,C 2: This constitutional measure would amend certain sections and repeal other sections of Article XII of the North Dakota Constitution,,,Yes,653
McHenry,Justice of the Supreme Court,,NON,Dale Sandstrom,902
McHenry,Public Service Commissioner,,DEM,Cheryl Bergian,604
McHenry,Public Service Commissioner,,REP,Tony Clark,365
McHenry,Secretary of State,,DEM,Kristin Hedger,604
McHenry,Secretary of State,,REP,Alvin A (Al) Jaeger,380
McHenry,State House Legislative,7,DEM,Arlo E Schmidt,527
McHenry,State House Legislative,7,DEM,Marie J Marshall,521
McHenry,State House Legislative,7,REP,Jon Nelson,344
McHenry,State House Legislative,7,REP,Tom Bodine,325
McHenry,State Senate Legislative District 7,,DEM,Ryan M Taylor,670
McHenry,State Senate Legislative District 7,,REP,Dick Anderson,374
McHenry,Tax Commissioner,,DEM,Brent Edison,610
McHenry,Tax Commissioner,,REP,Cory Fong,369
McHenry,U.S. House,1,DEM,Earl Pomeroy,670
McHenry,U.S. House,1,REP,Matt Mechtel,365
McHenry,U.S. Senate,,DEM,Kent Conrad,682
McHenry,U.S. Senate,,REP,Dwight Grotberg,367
McIntosh,Agriculture Commissioner,,DEM,Roger Johnson,374
McIntosh,Agriculture Commissioner,,REP,Doug Goehring,388
McIntosh,Attorney General,,DEM,Bill Brudvik,338
McIntosh,Attorney General,,REP,Wayne Stenehjem,399
McIntosh,C 1: This constitutional measure would amend section 16 of Article XI of the North Dakota Constitution,,,No,243
McIntosh,C 1: This constitutional measure would amend section 16 of Article XI of the North Dakota Constitution,,,Yes,553
McIntosh,C 2: This constitutional measure would amend certain sections and repeal other sections of Article XII of the North Dakota Constitution,,,No,285
McIntosh,C 2: This constitutional measure would amend certain sections and repeal other sections of Article XII of the North Dakota Constitution,,,Yes,499
McIntosh,Justice of the Supreme Court,,NON,Dale Sandstrom,764
McIntosh,Public Service Commissioner,,DEM,Cheryl Bergian,347
McIntosh,Public Service Commissioner,,REP,Tony Clark,388
McIntosh,Secretary of State,,DEM,Kristin Hedger,343
McIntosh,Secretary of State,,REP,Alvin A (Al) Jaeger,393
McIntosh,Tax Commissioner,,DEM,Brent Edison,352
McIntosh,Tax Commissioner,,REP,Cory Fong,386
McIntosh,U.S. House,1,DEM,Earl Pomeroy,380
McIntosh,U.S. House,1,REP,Matt Mechtel,388
McIntosh,U.S. Senate,,DEM,Kent Conrad,390
McIntosh,U.S. Senate,,REP,Dwight Grotberg,389
McKenzie,Agriculture Commissioner,,DEM,Roger Johnson,383
McKenzie,Agriculture Commissioner,,REP,Doug Goehring,479
McKenzie,Attorney General,,DEM,Bill Brudvik,321
McKenzie,Attorney General,,REP,Wayne Stenehjem,490
McKenzie,C 1: This constitutional measure would amend section 16 of Article XI of the North Dakota Constitution,,,No,212
McKenzie,C 1: This constitutional measure would amend section 16 of Article XI of the North Dakota Constitution,,,Yes,644
McKenzie,C 2: This constitutional measure would amend certain sections and repeal other sections of Article XII of the North Dakota Constitution,,,No,236
McKenzie,C 2: This constitutional measure would amend certain sections and repeal other sections of Article XII of the North Dakota Constitution,,,Yes,605
McKenzie,Justice of the Supreme Court,,NON,Dale Sandstrom,725
McKenzie,Public Service Commissioner,,DEM,Cheryl Bergian,339
McKenzie,Public Service Commissioner,,REP,Tony Clark,468
McKenzie,Secretary of State,,DEM,Kristin Hedger,342
McKenzie,Secretary of State,,REP,Alvin A (Al) Jaeger,483
McKenzie,State House Legislative,39,REP,"David ""Skip"" Drovdal",459
McKenzie,State House Legislative,39,REP,Keith Kempenich,429
McKenzie,State Senate Legislative District 39,,REP,Bill L Bowman,489
McKenzie,Tax Commissioner,,DEM,Brent Edison,337
McKenzie,Tax Commissioner,,REP,Cory Fong,478
McKenzie,U.S. House,1,DEM,Earl Pomeroy,417
McKenzie,U.S. House,1,REP,Matt Mechtel,463
McKenzie,U.S. Senate,,DEM,Kent Conrad,423
McKenzie,U.S. Senate,,REP,Dwight Grotberg,462
McLean,Agriculture Commissioner,,DEM,Roger Johnson,1094
McLean,Agriculture Commissioner,,REP,Doug Goehring,863
McLean,Attorney General,,DEM,Bill Brudvik,1011
McLean,Attorney General,,REP,Wayne Stenehjem,881
McLean,C 1: This constitutional measure would amend section 16 of Article XI of the North Dakota Constitution,,,No,488
McLean,C 1: This constitutional measure would amend section 16 of Article XI of the North Dakota Constitution,,,Yes,1494
McLean,C 2: This constitutional measure would amend certain sections and repeal other sections of Article XII of the North Dakota Constitution,,,No,545
McLean,C 2: This constitutional measure would amend certain sections and repeal other sections of Article XII of the North Dakota Constitution,,,Yes,1400
McLean,Justice of the Supreme Court,,NON,Dale Sandstrom,1834
McLean,Public Service Commissioner,,DEM,Cheryl Bergian,1037
McLean,Public Service Commissioner,,REP,Tony Clark,860
McLean,Secretary of State,,DEM,Kristin Hedger,1043
McLean,Secretary of State,,REP,Alvin A (Al) Jaeger,876
McLean,Tax Commissioner,,DEM,Brent Edison,1040
McLean,Tax Commissioner,,REP,Cory Fong,847
McLean,U.S. House,1,DEM,Earl Pomeroy,1130
McLean,U.S. House,1,REP,Matt Mechtel,843
McLean,U.S. Senate,,DEM,Kent Conrad,1150
McLean,U.S. Senate,,REP,Dwight Grotberg,853
Mercer,Agriculture Commissioner,,DEM,Roger Johnson,886
Mercer,Agriculture Commissioner,,REP,Doug Goehring,928
Mercer,Attorney General,,DEM,Bill Brudvik,827
Mercer,Attorney General,,REP,Wayne Stenehjem,961
Mercer,C 1: This constitutional measure would amend section 16 of Article XI of the North Dakota Constitution,,,No,571
Mercer,C 1: This constitutional measure would amend section 16 of Article XI of the North Dakota Constitution,,,Yes,1283
Mercer,C 2: This constitutional measure would amend certain sections and repeal other sections of Article XII of the North Dakota Constitution,,,No,629
Mercer,C 2: This constitutional measure would amend certain sections and repeal other sections of Article XII of the North Dakota Constitution,,,Yes,1179
Mercer,Justice of the Supreme Court,,NON,Dale Sandstrom,1755
Mercer,Public Service Commissioner,,DEM,Cheryl Bergian,841
Mercer,Public Service Commissioner,,REP,Tony Clark,929
Mercer,Secretary of State,,DEM,Kristin Hedger,849
Mercer,Secretary of State,,REP,Alvin A (Al) Jaeger,965
Mercer,State House Legislative,33,DEM,Kevin Herrmann,817
Mercer,State House Legislative,33,DEM,Mike Quinn,670
Mercer,State House Legislative,33,REP,Brenda Heller,749
Mercer,State House Legislative,33,REP,Gary Kreidt,754
Mercer,State House Legislative,33,REP,Keith Jacobson,373
Mercer,State Senate Legislative District 33,,DEM,John Mahoney,906
Mercer,State Senate Legislative District 33,,REP,Randel (Randy) Christmann,988
Mercer,Tax Commissioner,,DEM,Brent Edison,858
Mercer,Tax Commissioner,,REP,Cory Fong,921
Mercer,U.S. House,1,DEM,Earl Pomeroy,918
Mercer,U.S. House,1,REP,Matt Mechtel,906
Mercer,U.S. Senate,,DEM,Kent Conrad,945
Mercer,U.S. Senate,,REP,Dwight Grotberg,917
Morton,Agriculture Commissioner,,DEM,Roger Johnson,2189
Morton,Agriculture Commissioner,,REP,Doug Goehring,1834
Morton,Attorney General,,DEM,Bill Brudvik,2008
Morton,Attorney General,,REP,Wayne Stenehjem,1865
Morton,C 1: This constitutional measure would amend section 16 of Article XI of the North Dakota Constitution,,,No,1245
Morton,C 1: This constitutional measure would amend section 16 of Article XI of the North Dakota Constitution,,,Yes,2981
Morton,C 2: This constitutional measure would amend certain sections and repeal other sections of Article XII of the North Dakota Constitution,,,No,1452
Morton,C 2: This constitutional measure would amend certain sections and repeal other sections of Article XII of the North Dakota Constitution,,,Yes,2713
Morton,Justice of the Supreme Court,,NON,Dale Sandstrom,3738
Morton,Public Service Commissioner,,DEM,Cheryl Bergian,2019
Morton,Public Service Commissioner,,REP,Tony Clark,1808
Morton,Secretary of State,,DEM,Kristin Hedger,2062
Morton,Secretary of State,,REP,Alvin A (Al) Jaeger,1848
Morton,State House Legislative,31,DEM,James Kerzman,368
Morton,State House Legislative,31,DEM,Rodney J Froelich,383
Morton,State House Legislative,31,REP,Carson Kouba,306
Morton,State House Legislative,31,REP,Charles W Murphy,321
Morton,State House Legislative,33,DEM,Kevin Herrmann,233
Morton,State House Legislative,33,DEM,Mike Quinn,232
Morton,State House Legislative,33,REP,Brenda Heller,190
Morton,State House Legislative,33,REP,Gary Kreidt,285
Morton,State House Legislative,33,REP,Keith Jacobson,316
Morton,State Senate Legislative District 31,,DEM,Aaron Krauter,416
Morton,State Senate Legislative District 31,,REP,Dennis Renner,351
Morton,State Senate Legislative District 33,,DEM,John Mahoney,267
Morton,State Senate Legislative District 33,,REP,Randel (Randy) Christmann,405
Morton,Tax Commissioner,,DEM,Brent Edison,2073
Morton,Tax Commissioner,,REP,Cory Fong,1803
Morton,U.S. House,1,DEM,Earl Pomeroy,2265
Morton,U.S. House,1,REP,Matt Mechtel,1777
Morton,U.S. Senate,,DEM,Kent Conrad,2315
Morton,U.S. Senate,,REP,Dwight Grotberg,1826
Mountrail,Agriculture Commissioner,,DEM,Roger Johnson,557
Mountrail,Agriculture Commissioner,,REP,Doug Goehring,275
Mountrail,Attorney General,,DEM,Bill Brudvik,514
Mountrail,Attorney General,,REP,Wayne Stenehjem,287
Mountrail,C 1: This constitutional measure would amend section 16 of Article XI of the North Dakota Constitution,,,No,224
Mountrail,C 1: This constitutional measure would amend section 16 of Article XI of the North Dakota Constitution,,,Yes,596
Mountrail,C 2: This constitutional measure would amend certain sections and repeal other sections of Article XII of the North Dakota Constitution,,,No,314
Mountrail,C 2: This constitutional measure would amend certain sections and repeal other sections of Article XII of the North Dakota Constitution,,,Yes,493
Mountrail,Justice of the Supreme Court,,NON,Dale Sandstrom,740
Mountrail,Public Service Commissioner,,DEM,Cheryl Bergian,526
Mountrail,Public Service Commissioner,,REP,Tony Clark,277
Mountrail,Secretary of State,,DEM,Kristin Hedger,521
Mountrail,Secretary of State,,REP,Alvin A (Al) Jaeger,285
Mountrail,Tax Commissioner,,DEM,Brent Edison,534
Mountrail,Tax Commissioner,,REP,Cory Fong,275
Mountrail,U.S. House,1,DEM,Earl Pomeroy,567
Mountrail,U.S. House,1,REP,Matt Mechtel,273
Mountrail,U.S. Senate,,DEM,Kent Conrad,571
Mountrail,U.S. Senate,,REP,Dwight Grotberg,280
Nelson,Agriculture Commissioner,,DEM,Roger Johnson,376
Nelson,Agriculture Commissioner,,REP,Doug Goehring,225
Nelson,Attorney General,,DEM,Bill Brudvik,350
Nelson,Attorney General,,REP,Wayne Stenehjem,238
Nelson,C 1: This constitutional measure would amend section 16 of Article XI of the North Dakota Constitution,,,No,150
Nelson,C 1: This constitutional measure would amend section 16 of Article XI of the North Dakota Constitution,,,Yes,468
Nelson,C 2: This constitutional measure would amend certain sections and repeal other sections of Article XII of the North Dakota Constitution,,,No,160
Nelson,C 2: This constitutional measure would amend certain sections and repeal other sections of Article XII of the North Dakota Constitution,,,Yes,452
Nelson,Justice of the Supreme Court,,NON,Dale Sandstrom,602
Nelson,Public Service Commissioner,,DEM,Cheryl Bergian,353
Nelson,Public Service Commissioner,,REP,Tony Clark,223
Nelson,Secretary of State,,DEM,Kristin Hedger,360
Nelson,Secretary of State,,REP,Alvin A (Al) Jaeger,235
Nelson,State House Legislative,23,DEM,Ben Vig,344
Nelson,State House Legislative,23,DEM,Edward R Brownshield,301
Nelson,State House Legislative,23,REP,Don Vigesaa,221
Nelson,State House Legislative,23,REP,William (Bill) Devlin,223
Nelson,State Senate Legislative District 23,,DEM,Joan Heckaman,372
Nelson,State Senate Legislative District 23,,REP,Frank E Walker,102
Nelson,State Senate Legislative District 23,,REP,Preston Meier,132
Nelson,Tax Commissioner,,DEM,Brent Edison,358
Nelson,Tax Commissioner,,REP,Cory Fong,220
Nelson,U.S. House,1,DEM,Earl Pomeroy,396
Nelson,U.S. House,1,REP,Matt Mechtel,219
Nelson,U.S. Senate,,DEM,Kent Conrad,403
Nelson,U.S. Senate,,REP,Dwight Grotberg,221
Oliver,Agriculture Commissioner,,DEM,Roger Johnson,229
Oliver,Agriculture Commissioner,,REP,Doug Goehring,239
Oliver,Attorney General,,DEM,Bill Brudvik,207
Oliver,Attorney General,,REP,Wayne Stenehjem,243
Oliver,C 1: This constitutional measure would amend section 16 of Article XI of the North Dakota Constitution,,,No,146
Oliver,C 1: This constitutional measure would amend section 16 of Article XI of the North Dakota Constitution,,,Yes,318
Oliver,C 2: This constitutional measure would amend certain sections and repeal other sections of Article XII of the North Dakota Constitution,,,No,173
Oliver,C 2: This constitutional measure would amend certain sections and repeal other sections of Article XII of the North Dakota Constitution,,,Yes,286
Oliver,Justice of the Supreme Court,,NON,Dale Sandstrom,442
Oliver,Public Service Commissioner,,DEM,Cheryl Bergian,215
Oliver,Public Service Commissioner,,REP,Tony Clark,236
Oliver,Secretary of State,,DEM,Kristin Hedger,212
Oliver,Secretary of State,,REP,Alvin A (Al) Jaeger,247
Oliver,State House Legislative,33,DEM,Kevin Herrmann,195
Oliver,State House Legislative,33,DEM,Mike Quinn,183
Oliver,State House Legislative,33,REP,Brenda Heller,157
Oliver,State House Legislative,33,REP,Gary Kreidt,194
Oliver,State House Legislative,33,REP,Keith Jacobson,131
Oliver,State Senate Legislative District 33,,DEM,John Mahoney,226
Oliver,State Senate Legislative District 33,,REP,Randel (Randy) Christmann,247
Oliver,Tax Commissioner,,DEM,Brent Edison,216
Oliver,Tax Commissioner,,REP,Cory Fong,236
Oliver,U.S. House,1,DEM,Earl Pomeroy,226
Oliver,U.S. House,1,REP,Matt Mechtel,236
Oliver,U.S. Senate,,DEM,Kent Conrad,230
Oliver,U.S. Senate,,REP,Dwight Grotberg,239
Pembina,Agriculture Commissioner,,DEM,Roger Johnson,1324
Pembina,Agriculture Commissioner,,REP,Doug Goehring,714
Pembina,Attorney General,,DEM,Bill Brudvik,1213
Pembina,Attorney General,,REP,Wayne Stenehjem,730
Pembina,C 1: This constitutional measure would amend section 16 of Article XI of the North Dakota Constitution,,,No,534
Pembina,C 1: This constitutional measure would amend section 16 of Article XI of the North Dakota Constitution,,,Yes,1548
Pembina,C 2: This constitutional measure would amend certain sections and repeal other sections of Article XII of the North Dakota Constitution,,,No,494
Pembina,C 2: This constitutional measure would amend certain sections and repeal other sections of Article XII of the North Dakota Constitution,,,Yes,1550
Pembina,Justice of the Supreme Court,,NON,Dale Sandstrom,1983
Pembina,Public Service Commissioner,,DEM,Cheryl Bergian,1230
Pembina,Public Service Commissioner,,REP,Tony Clark,714
Pembina,Secretary of State,,DEM,Kristin Hedger,1229
Pembina,Secretary of State,,REP,Alvin A (Al) Jaeger,725
Pembina,Tax Commissioner,,DEM,Brent Edison,1247
Pembina,Tax Commissioner,,REP,Cory Fong,707
Pembina,U.S. House,1,DEM,Earl Pomeroy,1384
Pembina,U.S. House,1,REP,Matt Mechtel,710
Pembina,U.S. Senate,,DEM,Kent Conrad,1399
Pembina,U.S. Senate,,REP,Dwight Grotberg,716
Pierce,Agriculture Commissioner,,DEM,Roger Johnson,477
Pierce,Agriculture Commissioner,,REP,Doug Goehring,309
Pierce,Attorney General,,DEM,Bill Brudvik,434
Pierce,Attorney General,,REP,Wayne Stenehjem,316
Pierce,C 1: This constitutional measure would amend section 16 of Article XI of the North Dakota Constitution,,,No,195
Pierce,C 1: This constitutional measure would amend section 16 of Article XI of the North Dakota Constitution,,,Yes,597
Pierce,C 2: This constitutional measure would amend certain sections and repeal other sections of Article XII of the North Dakota Constitution,,,No,240
Pierce,C 2: This constitutional measure would amend certain sections and repeal other sections of Article XII of the North Dakota Constitution,,,Yes,532
Pierce,Justice of the Supreme Court,,NON,Dale Sandstrom,753
Pierce,Public Service Commissioner,,DEM,Cheryl Bergian,442
Pierce,Public Service Commissioner,,REP,Tony Clark,307
Pierce,Secretary of State,,DEM,Kristin Hedger,441
Pierce,Secretary of State,,REP,Alvin A (Al) Jaeger,313
Pierce,State House Legislative,7,DEM,Arlo E Schmidt,436
Pierce,State House Legislative,7,DEM,Marie J Marshall,386
Pierce,State House Legislative,7,REP,Jon Nelson,313
Pierce,State House Legislative,7,REP,Tom Bodine,259
Pierce,State Senate Legislative District 7,,DEM,Ryan M Taylor,497
Pierce,State Senate Legislative District 7,,REP,Dick Anderson,306
Pierce,Tax Commissioner,,DEM,Brent Edison,442
Pierce,Tax Commissioner,,REP,Cory Fong,304
Pierce,U.S. House,1,DEM,Earl Pomeroy,497
Pierce,U.S. House,1,REP,Matt Mechtel,293
Pierce,U.S. Senate,,DEM,Kent Conrad,507
Pierce,U.S. Senate,,REP,Dwight Grotberg,301
Ramsey,Agriculture Commissioner,,DEM,Roger Johnson,590
Ramsey,Agriculture Commissioner,,REP,Doug Goehring,439
Ramsey,Attorney General,,DEM,Bill Brudvik,542
Ramsey,Attorney General,,REP,Wayne Stenehjem,453
Ramsey,C 1: This constitutional measure would amend section 16 of Article XI of the North Dakota Constitution,,,No,235
Ramsey,C 1: This constitutional measure would amend section 16 of Article XI of the North Dakota Constitution,,,Yes,862
Ramsey,C 2: This constitutional measure would amend certain sections and repeal other sections of Article XII of the North Dakota Constitution,,,No,273
Ramsey,C 2: This constitutional measure would amend certain sections and repeal other sections of Article XII of the North Dakota Constitution,,,Yes,811
Ramsey,Justice of the Supreme Court,,NON,Dale Sandstrom,1008
Ramsey,Public Service Commissioner,,DEM,Cheryl Bergian,557
Ramsey,Public Service Commissioner,,REP,Tony Clark,425
Ramsey,Secretary of State,,DEM,Kristin Hedger,557
Ramsey,Secretary of State,,REP,Alvin A (Al) Jaeger,445
Ramsey,State House Legislative,15,DEM,Beverly A Honkola,531
Ramsey,State House Legislative,15,DEM,Russell Pearson,521
Ramsey,State House Legislative,15,REP,Curt Hofstad,419
Ramsey,State House Legislative,15,REP,Dennis E Johnson,425
Ramsey,State Senate Legislative District 15,,DEM,Joseph L Lawson,572
Ramsey,State Senate Legislative District 15,,REP,Dave Oehlke,457
Ramsey,Tax Commissioner,,DEM,Brent Edison,554
Ramsey,Tax Commissioner,,REP,Cory Fong,427
Ramsey,U.S. House,1,DEM,Earl Pomeroy,638
Ramsey,U.S. House,1,REP,Matt Mechtel,409
Ramsey,U.S. Senate,,DEM,Kent Conrad,641
Ramsey,U.S. Senate,,REP,Dwight Grotberg,412
Ransom,Agriculture Commissioner,,DEM,Roger Johnson,723
Ransom,Agriculture Commissioner,,REP,Doug Goehring,268
Ransom,Attorney General,,DEM,Bill Brudvik,671
Ransom,Attorney General,,REP,Wayne Stenehjem,282
Ransom,C 1: This constitutional measure would amend section 16 of Article XI of the North Dakota Constitution,,,No,308
Ransom,C 1: This constitutional measure would amend section 16 of Article XI of the North Dakota Constitution,,,Yes,682
Ransom,C 2: This constitutional measure would amend certain sections and repeal other sections of Article XII of the North Dakota Constitution,,,No,270
Ransom,C 2: This constitutional measure would amend certain sections and repeal other sections of Article XII of the North Dakota Constitution,,,Yes,691
Ransom,Justice of the Supreme Court,,NON,Dale Sandstrom,954
Ransom,Public Service Commissioner,,DEM,Cheryl Bergian,693
Ransom,Public Service Commissioner,,REP,Tony Clark,273
Ransom,Secretary of State,,DEM,Kristin Hedger,683
Ransom,Secretary of State,,REP,Alvin A (Al) Jaeger,277
Ransom,Tax Commissioner,,DEM,Brent Edison,697
Ransom,Tax Commissioner,,REP,Cory Fong,273
Ransom,U.S. House,1,DEM,Earl Pomeroy,736
Ransom,U.S. House,1,REP,Matt Mechtel,269
Ransom,U.S. Senate,,DEM,Kent Conrad,746
Ransom,U.S. Senate,,REP,Dwight Grotberg,272
Renville,Agriculture Commissioner,,DEM,Roger Johnson,267
Renville,Agriculture Commissioner,,REP,Doug Goehring,151
Renville,Attorney General,,DEM,Bill Brudvik,255
Renville,Attorney General,,REP,Wayne Stenehjem,158
Renville,C 1: This constitutional measure would amend section 16 of Article XI of the North Dakota Constitution,,,No,95
Renville,C 1: This constitutional measure would amend section 16 of Article XI of the North Dakota Constitution,,,Yes,332
Renville,C 2: This constitutional measure would amend certain sections and repeal other sections of Article XII of the North Dakota Constitution,,,No,117
Renville,C 2: This constitutional measure would amend certain sections and repeal other sections of Article XII of the North Dakota Constitution,,,Yes,300
Renville,Justice of the Supreme Court,,NON,Dale Sandstrom,405
Renville,Public Service Commissioner,,DEM,Cheryl Bergian,252
Renville,Public Service Commissioner,,REP,Tony Clark,152
Renville,Secretary of State,,DEM,Kristin Hedger,252
Renville,Secretary of State,,REP,Alvin A (Al) Jaeger,154
Renville,Tax Commissioner,,DEM,Brent Edison,254
Renville,Tax Commissioner,,REP,Cory Fong,150
Renville,U.S. House,1,DEM,Earl Pomeroy,275
Renville,U.S. House,1,REP,Matt Mechtel,148
Renville,U.S. Senate,,DEM,Kent Conrad,280
Renville,U.S. Senate,,REP,Dwight Grotberg,150
Richland,Agriculture Commissioner,,DEM,Roger Johnson,1484
Richland,Agriculture Commissioner,,REP,Doug Goehring,912
Richland,Attorney General,,DEM,Bill Brudvik,1378
Richland,Attorney General,,REP,Wayne Stenehjem,948
Richland,C 1: This constitutional measure would amend section 16 of Article XI of the North Dakota Constitution,,,No,669
Richland,C 1: This constitutional measure would amend section 16 of Article XI of the North Dakota Constitution,,,Yes,1753
Richland,C 2: This constitutional measure would amend certain sections and repeal other sections of Article XII of the North Dakota Constitution,,,No,603
Richland,C 2: This constitutional measure would amend certain sections and repeal other sections of Article XII of the North Dakota Constitution,,,Yes,1738
Richland,Justice of the Supreme Court,,NON,Dale Sandstrom,2305
Richland,Public Service Commissioner,,DEM,Cheryl Bergian,1392
Richland,Public Service Commissioner,,REP,Tony Clark,910
Richland,Secretary of State,,DEM,Kristin Hedger,1408
Richland,Secretary of State,,REP,Alvin A (Al) Jaeger,932
Richland,State House Legislative,25,DEM,Clark Williams,1242
Richland,State House Legislative,25,REP,James Strege,620
Richland,State House Legislative,25,REP,John Wall,742
Richland,State Senate Legislative District 25,,DEM,Arden Anderson,1195
Richland,State Senate Legislative District 25,,REP,Cindy S Beck,767
Richland,Tax Commissioner,,DEM,Brent Edison,1415
Richland,Tax Commissioner,,REP,Cory Fong,907
Richland,U.S. House,1,DEM,Earl Pomeroy,1583
Richland,U.S. House,1,REP,Matt Mechtel,889
Richland,U.S. Senate,,DEM,Kent Conrad,1617
Richland,U.S. Senate,,REP,Dwight Grotberg,903
Rolette,Agriculture Commissioner,,DEM,Roger Johnson,1350
Rolette,Agriculture Commissioner,,REP,Doug Goehring,246
Rolette,Attorney General,,DEM,Bill Brudvik,1247
Rolette,Attorney General,,REP,Wayne Stenehjem,254
Rolette,C 1: This constitutional measure would amend section 16 of Article XI of the North Dakota Constitution,,,No,532
Rolette,C 1: This constitutional measure would amend section 16 of Article XI of the North Dakota Constitution,,,Yes,1093
Rolette,C 2: This constitutional measure would amend certain sections and repeal other sections of Article XII of the North Dakota Constitution,,,No,575
Rolette,C 2: This constitutional measure would amend certain sections and repeal other sections of Article XII of the North Dakota Constitution,,,Yes,1010
Rolette,Justice of the Supreme Court,,NON,Dale Sandstrom,1465
Rolette,Public Service Commissioner,,DEM,Cheryl Bergian,1271
Rolette,Public Service Commissioner,,REP,Tony Clark,241
Rolette,Secretary of State,,DEM,Kristin Hedger,1278
Rolette,Secretary of State,,REP,Alvin A (Al) Jaeger,242
Rolette,State House Legislative,9,DEM,Merle Boucher,1347
Rolette,State House Legislative,9,DEM,Tracy Boe,869
Rolette,State Senate Legislative District 9,,NON,Doug Lemieux,101
Rolette,State Senate Legislative District 9,,NON,Richard Marcellais,210
Rolette,State Senate Legislative District 9,,NON,Wannetta Bennett,111
Rolette,Tax Commissioner,,DEM,Brent Edison,1284
Rolette,Tax Commissioner,,REP,Cory Fong,240
Rolette,U.S. House,1,DEM,Earl Pomeroy,1515
Rolette,U.S. House,1,REP,Matt Mechtel,242
Rolette,U.S. Senate,,DEM,Kent Conrad,1558
Rolette,U.S. Senate,,REP,Dwight Grotberg,244
Sargent,Agriculture Commissioner,,DEM,Roger Johnson,536
Sargent,Agriculture Commissioner,,REP,Doug Goehring,237
Sargent,Attorney General,,DEM,Bill Brudvik,499
Sargent,Attorney General,,REP,Wayne Stenehjem,242
Sargent,C 1: This constitutional measure would amend section 16 of Article XI of the North Dakota Constitution,,,No,224
Sargent,C 1: This constitutional measure would amend section 16 of Article XI of the North Dakota Constitution,,,Yes,517
Sargent,C 2: This constitutional measure would amend certain sections and repeal other sections of Article XII of the North Dakota Constitution,,,No,211
Sargent,C 2: This constitutional measure would amend certain sections and repeal other sections of Article XII of the North Dakota Constitution,,,Yes,517
Sargent,Justice of the Supreme Court,,NON,Dale Sandstrom,701
Sargent,Public Service Commissioner,,DEM,Cheryl Bergian,502
Sargent,Public Service Commissioner,,REP,Tony Clark,239
Sargent,Secretary of State,,DEM,Kristin Hedger,511
Sargent,Secretary of State,,REP,Alvin A (Al) Jaeger,240
Sargent,Tax Commissioner,,DEM,Brent Edison,522
Sargent,Tax Commissioner,,REP,Cory Fong,238
Sargent,U.S. House,1,DEM,Earl Pomeroy,546
Sargent,U.S. House,1,REP,Matt Mechtel,236
Sargent,U.S. Senate,,DEM,Kent Conrad,550
Sargent,U.S. Senate,,REP,Dwight Grotberg,241
Sheridan,Agriculture Commissioner,,DEM,Roger Johnson,229
Sheridan,Agriculture Commissioner,,REP,Doug Goehring,311
Sheridan,Attorney General,,DEM,Bill Brudvik,208
Sheridan,Attorney General,,REP,Wayne Stenehjem,320
Sheridan,C 1: This constitutional measure would amend section 16 of Article XI of the North Dakota Constitution,,,No,145
Sheridan,C 1: This constitutional measure would amend section 16 of Article XI of the North Dakota Constitution,,,Yes,362
Sheridan,C 2: This constitutional measure would amend certain sections and repeal other sections of Article XII of the North Dakota Constitution,,,No,175
Sheridan,C 2: This constitutional measure would amend certain sections and repeal other sections of Article XII of the North Dakota Constitution,,,Yes,327
Sheridan,Justice of the Supreme Court,,NON,Dale Sandstrom,509
Sheridan,Public Service Commissioner,,DEM,Cheryl Bergian,216
Sheridan,Public Service Commissioner,,REP,Tony Clark,312
Sheridan,Secretary of State,,DEM,Kristin Hedger,213
Sheridan,Secretary of State,,REP,Alvin A (Al) Jaeger,321
Sheridan,State House Legislative,7,DEM,Arlo E Schmidt,91
Sheridan,State House Legislative,7,DEM,Marie J Marshall,88
Sheridan,State House Legislative,7,REP,Jon Nelson,74
Sheridan,State House Legislative,7,REP,Tom Bodine,75
Sheridan,State Senate Legislative District 7,,DEM,Ryan M Taylor,111
Sheridan,State Senate Legislative District 7,,REP,Dick Anderson,88
Sheridan,Tax Commissioner,,DEM,Brent Edison,215
Sheridan,Tax Commissioner,,REP,Cory Fong,313
Sheridan,U.S. House,1,DEM,Earl Pomeroy,234
Sheridan,U.S. House,1,REP,Matt Mechtel,303
Sheridan,U.S. Senate,,DEM,Kent Conrad,238
Sheridan,U.S. Senate,,REP,Dwight Grotberg,309
Sioux,Agriculture Commissioner,,DEM,Roger Johnson,306
Sioux,Agriculture Commissioner,,REP,Doug Goehring,132
Sioux,Attorney General,,DEM,Bill Brudvik,279
Sioux,Attorney General,,REP,Wayne Stenehjem,143
Sioux,C 1: This constitutional measure would amend section 16 of Article XI of the North Dakota Constitution,,,No,167
Sioux,C 1: This constitutional measure would amend section 16 of Article XI of the North Dakota Constitution,,,Yes,302
Sioux,C 2: This constitutional measure would amend certain sections and repeal other sections of Article XII of the North Dakota Constitution,,,No,199
Sioux,C 2: This constitutional measure would amend certain sections and repeal other sections of Article XII of the North Dakota Constitution,,,Yes,268
Sioux,Justice of the Supreme Court,,NON,Dale Sandstrom,425
Sioux,Public Service Commissioner,,DEM,Cheryl Bergian,285
Sioux,Public Service Commissioner,,REP,Tony Clark,133
Sioux,Secretary of State,,DEM,Kristin Hedger,294
Sioux,Secretary of State,,REP,Alvin A (Al) Jaeger,136
Sioux,State House Legislative,31,DEM,James Kerzman,168
Sioux,State House Legislative,31,DEM,Rodney J Froelich,280
Sioux,State House Legislative,31,REP,Carson Kouba,78
Sioux,State House Legislative,31,REP,Charles W Murphy,144
Sioux,State Senate Legislative District 31,,DEM,Aaron Krauter,301
Sioux,State Senate Legislative District 31,,REP,Dennis Renner,135
Sioux,Tax Commissioner,,DEM,Brent Edison,290
Sioux,Tax Commissioner,,REP,Cory Fong,128
Sioux,U.S. House,1,DEM,Earl Pomeroy,338
Sioux,U.S. House,1,REP,Matt Mechtel,132
Sioux,U.S. Senate,,DEM,Kent Conrad,345
Sioux,U.S. Senate,,REP,Dwight Grotberg,134
Slope,Agriculture Commissioner,,DEM,Roger Johnson,72
Slope,Agriculture Commissioner,,REP,Doug Goehring,76
Slope,Attorney General,,DEM,Bill Brudvik,65
Slope,Attorney General,,REP,Wayne Stenehjem,77
Slope,C 1: This constitutional measure would amend section 16 of Article XI of the North Dakota Constitution,,,No,47
Slope,C 1: This constitutional measure would amend section 16 of Article XI of the North Dakota Constitution,,,Yes,101
Slope,C 2: This constitutional measure would amend certain sections and repeal other sections of Article XII of the North Dakota Constitution,,,No,53
Slope,C 2: This constitutional measure would amend certain sections and repeal other sections of Article XII of the North Dakota Constitution,,,Yes,95
Slope,Justice of the Supreme Court,,NON,Dale Sandstrom,140
Slope,Public Service Commissioner,,DEM,Cheryl Bergian,67
Slope,Public Service Commissioner,,REP,Tony Clark,77
Slope,Secretary of State,,DEM,Kristin Hedger,64
Slope,Secretary of State,,REP,Alvin A (Al) Jaeger,76
Slope,State House Legislative,39,REP,"David ""Skip"" Drovdal",66
Slope,State House Legislative,39,REP,Keith Kempenich,66
Slope,State Senate Legislative District 39,,REP,Bill L Bowman,78
Slope,Tax Commissioner,,DEM,Brent Edison,65
Slope,Tax Commissioner,,REP,Cory Fong,74
Slope,U.S. House,1,DEM,Earl Pomeroy,80
Slope,U.S. House,1,REP,Matt Mechtel,72
Slope,U.S. Senate,,DEM,Kent Conrad,79
Slope,U.S. Senate,,REP,Dwight Grotberg,72
Stark,Agriculture Commissioner,,DEM,Roger Johnson,1500
Stark,Agriculture Commissioner,,REP,Doug Goehring,1325
Stark,Attorney General,,DEM,Bill Brudvik,1338
Stark,Attorney General,,REP,Wayne Stenehjem,1388
Stark,C 1: This constitutional measure would amend section 16 of Article XI of the North Dakota Constitution,,,No,777
Stark,C 1: This constitutional measure would amend section 16 of Article XI of the North Dakota Constitution,,,Yes,2164
Stark,C 2: This constitutional measure would amend certain sections and repeal other sections of Article XII of the North Dakota Constitution,,,No,817
Stark,C 2: This constitutional measure would amend certain sections and repeal other sections of Article XII of the North Dakota Constitution,,,Yes,2052
Stark,Justice of the Supreme Court,,NON,Dale Sandstrom,2650
Stark,Public Service Commissioner,,DEM,Cheryl Bergian,1374
Stark,Public Service Commissioner,,REP,Tony Clark,1317
Stark,Secretary of State,,DEM,Kristin Hedger,1376
Stark,Secretary of State,,REP,Alvin A (Al) Jaeger,1366
Stark,State House Legislative,37,DEM,Cornelius (Connie) Kooren,779
Stark,State House Legislative,37,DEM,Stuart Savelkoul,666
Stark,State House Legislative,37,REP,Francis J Wald,706
Stark,State House Legislative,37,REP,Nancy Johnson,807
Stark,State Senate Legislative District 37,,DEM,Chad Berger,794
Stark,State Senate Legislative District 37,,REP,Rich Wardner,843
Stark,Tax Commissioner,,DEM,Brent Edison,1391
Stark,Tax Commissioner,,REP,Cory Fong,1309
Stark,U.S. House,1,DEM,Earl Pomeroy,1611
Stark,U.S. House,1,REP,Matt Mechtel,1279
Stark,U.S. Senate,,DEM,Kent Conrad,1638
Stark,U.S. Senate,,REP,Dwight Grotberg,1281
Steele,Agriculture Commissioner,,DEM,Roger Johnson,331
Steele,Agriculture Commissioner,,REP,Doug Goehring,173
Steele,Attorney General,,DEM,Bill Brudvik,318
Steele,Attorney General,,REP,Wayne Stenehjem,173
Steele,C 1: This constitutional measure would amend section 16 of Article XI of the North Dakota Constitution,,,No,205
Steele,C 1: This constitutional measure would amend section 16 of Article XI of the North Dakota Constitution,,,Yes,276
Steele,C 2: This constitutional measure would amend certain sections and repeal other sections of Article XII of the North Dakota Constitution,,,No,167
Steele,C 2: This constitutional measure would amend certain sections and repeal other sections of Article XII of the North Dakota Constitution,,,Yes,297
Steele,Justice of the Supreme Court,,NON,Dale Sandstrom,448
Steele,Public Service Commissioner,,DEM,Cheryl Bergian,317
Steele,Public Service Commissioner,,REP,Tony Clark,170
Steele,Secretary of State,,DEM,Kristin Hedger,307
Steele,Secretary of State,,REP,Alvin A (Al) Jaeger,173
Steele,State House Legislative,23,DEM,Ben Vig,138
Steele,State House Legislative,23,DEM,Edward R Brownshield,120
Steele,State House Legislative,23,REP,Don Vigesaa,91
Steele,State House Legislative,23,REP,William (Bill) Devlin,98
Steele,State Senate Legislative District 23,,DEM,Joan Heckaman,143
Steele,State Senate Legislative District 23,,REP,Frank E Walker,37
Steele,State Senate Legislative District 23,,REP,Preston Meier,60
Steele,Tax Commissioner,,DEM,Brent Edison,323
Steele,Tax Commissioner,,REP,Cory Fong,172
Steele,U.S. House,1,DEM,Earl Pomeroy,342
Steele,U.S. House,1,REP,Matt Mechtel,170
Steele,U.S. Senate,,DEM,Kent Conrad,345
Steele,U.S. Senate,,REP,Dwight Grotberg,169
Stutsman,Agriculture Commissioner,,DEM,Roger Johnson,2306
Stutsman,Agriculture Commissioner,,REP,Doug Goehring,1453
Stutsman,Attorney General,,DEM,Bill Brudvik,2139
Stutsman,Attorney General,,REP,Wayne Stenehjem,1495
Stutsman,C 1: This constitutional measure would amend section 16 of Article XI of the North Dakota Constitution,,,No,987
Stutsman,C 1: This constitutional measure would amend section 16 of Article XI of the North Dakota Constitution,,,Yes,2891
Stutsman,C 2: This constitutional measure would amend certain sections and repeal other sections of Article XII of the North Dakota Constitution,,,No,1095
Stutsman,C 2: This constitutional measure would amend certain sections and repeal other sections of Article XII of the North Dakota Constitution,,,Yes,2687
Stutsman,Justice of the Supreme Court,,NON,Dale Sandstrom,3508
Stutsman,Public Service Commissioner,,DEM,Cheryl Bergian,2179
Stutsman,Public Service Commissioner,,REP,Tony Clark,1442
Stutsman,Secretary of State,,DEM,Kristin Hedger,2179
Stutsman,Secretary of State,,REP,Alvin A (Al) Jaeger,1477
Stutsman,State House Legislative,29,DEM,Clarence R Daniel,574
Stutsman,State House Legislative,29,DEM,Ellen Linderman,620
Stutsman,State House Legislative,29,REP,Chet Pollert,401
Stutsman,State House Legislative,29,REP,Craig Headland,421
Stutsman,State Senate Legislative District 29,,DEM,Dustin E Lien,701
Stutsman,State Senate Legislative District 29,,REP,Terry M Wanzek,465
Stutsman,Tax Commissioner,,DEM,Brent Edison,2202
Stutsman,Tax Commissioner,,REP,Cory Fong,1442
Stutsman,U.S. House,1,DEM,Earl Pomeroy,2423
Stutsman,U.S. House,1,REP,Matt Mechtel,1437
Stutsman,U.S. Senate,,DEM,Kent Conrad,2455
Stutsman,U.S. Senate,,REP,Dwight Grotberg,1469
Towner,Agriculture Commissioner,,DEM,Roger Johnson,431
Towner,Agriculture Commissioner,,REP,Doug Goehring,206
Towner,Attorney General,,DEM,Bill Brudvik,394
Towner,Attorney General,,REP,Wayne Stenehjem,214
Towner,C 1: This constitutional measure would amend section 16 of Article XI of the North Dakota Constitution,,,No,169
Towner,C 1: This constitutional measure would amend section 16 of Article XI of the North Dakota Constitution,,,Yes,513
Towner,C 2: This constitutional measure would amend certain sections and repeal other sections of Article XII of the North Dakota Constitution,,,No,187
Towner,C 2: This constitutional measure would amend certain sections and repeal other sections of Article XII of the North Dakota Constitution,,,Yes,482
Towner,Justice of the Supreme Court,,NON,Dale Sandstrom,629
Towner,Public Service Commissioner,,DEM,Cheryl Bergian,399
Towner,Public Service Commissioner,,REP,Tony Clark,203
Towner,Secretary of State,,DEM,Kristin Hedger,400
Towner,Secretary of State,,REP,Alvin A (Al) Jaeger,206
Towner,State House Legislative,15,DEM,Beverly A Honkola,219
Towner,State House Legislative,15,DEM,Russell Pearson,229
Towner,State House Legislative,15,REP,Curt Hofstad,154
Towner,State House Legislative,15,REP,Dennis E Johnson,167
Towner,State Senate Legislative District 15,,DEM,Joseph L Lawson,260
Towner,State Senate Legislative District 15,,REP,Dave Oehlke,172
Towner,Tax Commissioner,,DEM,Brent Edison,407
Towner,Tax Commissioner,,REP,Cory Fong,202
Towner,U.S. House,1,DEM,Earl Pomeroy,470
Towner,U.S. House,1,REP,Matt Mechtel,198
Towner,U.S. Senate,,DEM,Kent Conrad,474
Towner,U.S. Senate,,REP,Dwight Grotberg,200
Traill,Agriculture Commissioner,,DEM,Roger Johnson,731
Traill,Agriculture Commissioner,,REP,Doug Goehring,368
Traill,Attorney General,,DEM,Bill Brudvik,696
Traill,Attorney General,,REP,Wayne Stenehjem,385
Traill,C 1: This constitutional measure would amend section 16 of Article XI of the North Dakota Constitution,,,No,282
Traill,C 1: This constitutional measure would amend section 16 of Article XI of the North Dakota Constitution,,,Yes,789
Traill,C 2: This constitutional measure would amend certain sections and repeal other sections of Article XII of the North Dakota Constitution,,,No,245
Traill,C 2: This constitutional measure would amend certain sections and repeal other sections of Article XII of the North Dakota Constitution,,,Yes,797
Traill,Justice of the Supreme Court,,NON,Dale Sandstrom,1033
Traill,Public Service Commissioner,,DEM,Cheryl Bergian,698
Traill,Public Service Commissioner,,REP,Tony Clark,367
Traill,Secretary of State,,DEM,Kristin Hedger,692
Traill,Secretary of State,,REP,Alvin A (Al) Jaeger,376
Traill,Tax Commissioner,,DEM,Brent Edison,698
Traill,Tax Commissioner,,REP,Cory Fong,369
Traill,U.S. House,1,DEM,Earl Pomeroy,745
Traill,U.S. House,1,REP,Matt Mechtel,367
Traill,U.S. Senate,,DEM,Kent Conrad,755
Traill,U.S. Senate,,REP,Dwight Grotberg,365
Walsh,Agriculture Commissioner,,DEM,Roger Johnson,1016
Walsh,Agriculture Commissioner,,REP,Doug Goehring,632
Walsh,Attorney General,,DEM,Bill Brudvik,909
Walsh,Attorney General,,REP,Wayne Stenehjem,668
Walsh,C 1: This constitutional measure would amend section 16 of Article XI of the North Dakota Constitution,,,No,415
Walsh,C 1: This constitutional measure would amend section 16 of Article XI of the North Dakota Constitution,,,Yes,1250
Walsh,C 2: This constitutional measure would amend certain sections and repeal other sections of Article XII of the North Dakota Constitution,,,No,403
Walsh,C 2: This constitutional measure would amend certain sections and repeal other sections of Article XII of the North Dakota Constitution,,,Yes,1229
Walsh,Justice of the Supreme Court,,NON,Dale Sandstrom,1567
Walsh,Public Service Commissioner,,DEM,Cheryl Bergian,940
Walsh,Public Service Commissioner,,REP,Tony Clark,629
Walsh,Secretary of State,,DEM,Kristin Hedger,943
Walsh,Secretary of State,,REP,Alvin A (Al) Jaeger,641
Walsh,Tax Commissioner,,DEM,Brent Edison,946
Walsh,Tax Commissioner,,REP,Cory Fong,620
Walsh,U.S. House,1,DEM,Earl Pomeroy,1079
Walsh,U.S. House,1,REP,Matt Mechtel,621
Walsh,U.S. Senate,,DEM,Kent Conrad,1096
Walsh,U.S. Senate,,REP,Dwight Grotberg,627
Ward,Agriculture Commissioner,,DEM,Roger Johnson,2857
Ward,Agriculture Commissioner,,REP,Doug Goehring,2133
Ward,Attorney General,,DEM,Bill Brudvik,2573
Ward,Attorney General,,REP,Wayne Stenehjem,2212
Ward,C 1: This constitutional measure would amend section 16 of Article XI of the North Dakota Constitution,,,No,973
Ward,C 1: This constitutional measure would amend section 16 of Article XI of the North Dakota Constitution,,,Yes,4240
Ward,C 2: This constitutional measure would amend certain sections and repeal other sections of Article XII of the North Dakota Constitution,,,No,1270
Ward,C 2: This constitutional measure would amend certain sections and repeal other sections of Article XII of the North Dakota Constitution,,,Yes,3839
Ward,Justice of the Supreme Court,,NON,Dale Sandstrom,4570
Ward,Public Service Commissioner,,DEM,Cheryl Bergian,2624
Ward,Public Service Commissioner,,REP,Tony Clark,2142
Ward,Secretary of State,,DEM,Kristin Hedger,2640
Ward,Secretary of State,,REP,Alvin A (Al) Jaeger,2183
Ward,State House Legislative,3,DEM,Kari Lee Conrad,532
Ward,State House Legislative,3,DEM,Lisa Wolf,481
Ward,State House Legislative,3,REP,Andrew G Maragos,396
Ward,State House Legislative,3,REP,Mary Nester,375
Ward,State House Legislative,5,DEM,"Elwood ""Woody"" Thorpe",719
Ward,State House Legislative,5,DEM,Louis Pinkerton,710
Ward,State House Legislative,5,REP,Mike Timm,647
Ward,State House Legislative,5,REP,Roger Slotsve,612
Ward,State Senate Legislative District 3,,DEM,Robert (Bob) Horne,588
Ward,State Senate Legislative District 3,,REP,Randy A Schobinger,437
Ward,State Senate Legislative District 5,,DEM,Tom Seymour,803
Ward,State Senate Legislative District 5,,REP,Blake Krabseth,654
Ward,Tax Commissioner,,DEM,Brent Edison,2671
Ward,Tax Commissioner,,REP,Cory Fong,2127
Ward,U.S. House,1,DEM,Earl Pomeroy,2964
Ward,U.S. House,1,REP,Matt Mechtel,2092
Ward,U.S. Senate,,DEM,Kent Conrad,3013
Ward,U.S. Senate,,REP,Dwight Grotberg,2111
Wells,Agriculture Commissioner,,DEM,Roger Johnson,412
Wells,Agriculture Commissioner,,REP,Doug Goehring,324
Wells,Attorney General,,DEM,Bill Brudvik,393
Wells,Attorney General,,REP,Wayne Stenehjem,335
Wells,C 1: This constitutional measure would amend section 16 of Article XI of the North Dakota Constitution,,,No,221
Wells,C 1: This constitutional measure would amend section 16 of Article XI of the North Dakota Constitution,,,Yes,500
Wells,C 2: This constitutional measure would amend certain sections and repeal other sections of Article XII of the North Dakota Constitution,,,No,260
Wells,C 2: This constitutional measure would amend certain sections and repeal other sections of Article XII of the North Dakota Constitution,,,Yes,445
Wells,Justice of the Supreme Court,,NON,Dale Sandstrom,669
Wells,Public Service Commissioner,,DEM,Cheryl Bergian,398
Wells,Public Service Commissioner,,REP,Tony Clark,322
Wells,Secretary of State,,DEM,Kristin Hedger,397
Wells,Secretary of State,,REP,Alvin A (Al) Jaeger,327
Wells,Tax Commissioner,,DEM,Brent Edison,404
Wells,Tax Commissioner,,REP,Cory Fong,324
Wells,U.S. House,1,DEM,Earl Pomeroy,437
Wells,U.S. House,1,REP,Matt Mechtel,319
Wells,U.S. Senate,,DEM,Kent Conrad,448
Wells,U.S. Senate,,REP,Dwight Grotberg,321
Williams,Agriculture Commissioner,,DEM,Roger Johnson,1020
Williams,Agriculture Commissioner,,REP,Doug Goehring,1332
Williams,Attorney General,,DEM,Bill Brudvik,920
Williams,Attorney General,,REP,Wayne Stenehjem,1435
Williams,C 1: This constitutional measure would amend section 16 of Article XI of the North Dakota Constitution,,,No,516
Williams,C 1: This constitutional measure would amend section 16 of Article XI of the North Dakota Constitution,,,Yes,1996
Williams,C 2: This constitutional measure would amend certain sections and repeal other sections of Article XII of the North Dakota Constitution,,,No,604
Williams,C 2: This constitutional measure would amend certain sections and repeal other sections of Article XII of the North Dakota Constitution,,,Yes,1859
Williams,Justice of the Supreme Court,,NON,Dale Sandstrom,2172
Williams,Public Service Commissioner,,DEM,Cheryl Bergian,942
Williams,Public Service Commissioner,,REP,Tony Clark,1328
Williams,Secretary of State,,DEM,Kristin Hedger,945
Williams,Secretary of State,,REP,Alvin A (Al) Jaeger,1379
Williams,State House Legislative,1,DEM,Dan Gerhardt,611
Williams,State House Legislative,1,REP,Gary Sukut,1033
Williams,State House Legislative,1,REP,Mike Norland,451
Williams,State House Legislative,1,REP,Patrick Hatlestad,948
Williams,State Senate Legislative District 1,,DEM,Jim Yockim,612
Williams,State Senate Legislative District 1,,REP,Stanley Lyson,1174
Williams,Tax Commissioner,,DEM,Brent Edison,966
Williams,Tax Commissioner,,REP,Cory Fong,1320
Williams,U.S. House,1,DEM,Earl Pomeroy,1064
Williams,U.S. House,1,REP,Matt Mechtel,1230
Williams,U.S. Senate,,DEM,Kent Conrad,1081
Williams,U.S. Senate,,REP,Dwight Grotberg,1248
